{"cameraMode":{"drawMode":0,"name":"Shaded","section":"Shading Mode"},"sceneLighting":true,"audioPlay":false,"sceneViewState":{"m_AlwaysRefresh":false,"showFog":true,"showSkybox":true,"showFlares":true,"showImageEffects":true,"showParticleSystems":true,"showVisualEffectGraphs":true,"m_FxEnabled":true},"in2DMode":false,"pivot":{"x":-0.34851735830307009,"y":1.922252893447876,"z":6.782968044281006},"rotation":{"x":0.00663854880258441,"y":0.9774801135063171,"z":-0.20865915715694428,"w":0.031096115708351136},"size":3.0022482872009279,"orthographic":false}